-- ============================================================
-- EyeD-Lab Synthetic Training Data — seed.sql
-- ALL DATA IS SYNTHETIC. No real patient information.
-- MRN prefix: MRN-TRAIN-XXX
-- ============================================================

-- -----------------------------------------------
-- PROVIDERS
-- -----------------------------------------------
INSERT INTO providers (id, code, first_name, last_name, title, specialty) VALUES
  ('a1000000-0000-0000-0000-000000000001', 'DFONCREE', 'Don',     'Foncree', 'MD', 'Men''s Health / Hormone Therapy'),
  ('a1000000-0000-0000-0000-000000000002', 'WEETS',    'Melissa', 'Weets',   'NP', 'Hormone Replacement Therapy');

-- -----------------------------------------------
-- PATIENTS (20 synthetic male TRT patients)
-- -----------------------------------------------
INSERT INTO patients (id, chart_number, mrn, first_name, last_name, dob, age, gender, blood_type, phone, email, primary_provider_id) VALUES
  ('b1000000-0000-0000-0000-000000000001','90001','MRN-TRAIN-001','Robert',  'Mitchell',  '1978-03-12', 47, 'male', 'O+',  '555-201-0001','rmitchell.train@example.com',  'a1000000-0000-0000-0000-000000000001'),
  ('b1000000-0000-0000-0000-000000000002','90002','MRN-TRAIN-002','James',   'Crawford',  '1971-07-28', 53, 'male', 'A+',  '555-201-0002','jcrawford.train@example.com',  'a1000000-0000-0000-0000-000000000001'),
  ('b1000000-0000-0000-0000-000000000003','90003','MRN-TRAIN-003','David',   'Holbrook',  '1984-11-05', 40, 'male', 'B+',  '555-201-0003','dholbrook.train@example.com',  'a1000000-0000-0000-0000-000000000002'),
  ('b1000000-0000-0000-0000-000000000004','90004','MRN-TRAIN-004','Michael', 'Santos',    '1966-05-19', 58, 'male', 'AB+', '555-201-0004','msantos.train@example.com',    'a1000000-0000-0000-0000-000000000001'),
  ('b1000000-0000-0000-0000-000000000005','90005','MRN-TRAIN-005','Thomas',  'Erikson',   '1975-09-03', 49, 'male', 'O-',  '555-201-0005','terikson.train@example.com',   'a1000000-0000-0000-0000-000000000002'),
  ('b1000000-0000-0000-0000-000000000006','90006','MRN-TRAIN-006','William', 'Burke',     '1961-01-22', 64, 'male', 'A-',  '555-201-0006','wburke.train@example.com',     'a1000000-0000-0000-0000-000000000001'),
  ('b1000000-0000-0000-0000-000000000007','90007','MRN-TRAIN-007','Charles', 'Nguyen',    '1980-06-14', 44, 'male', 'O+',  '555-201-0007','cnguyen.train@example.com',    'a1000000-0000-0000-0000-000000000002'),
  ('b1000000-0000-0000-0000-000000000008','90008','MRN-TRAIN-008','Daniel',  'Okafor',    '1988-02-27', 36, 'male', 'B-',  '555-201-0008','dokafor.train@example.com',    'a1000000-0000-0000-0000-000000000001'),
  ('b1000000-0000-0000-0000-000000000009','90009','MRN-TRAIN-009','Steven',  'Patel',     '1973-10-08', 51, 'male', 'A+',  '555-201-0009','spatel.train@example.com',     'a1000000-0000-0000-0000-000000000002'),
  ('b1000000-0000-0000-0000-000000000010','90010','MRN-TRAIN-010','Kevin',   'Johansson', '1969-12-31', 55, 'male', 'O+',  '555-201-0010','kjohansson.train@example.com', 'a1000000-0000-0000-0000-000000000001'),
  ('b1000000-0000-0000-0000-000000000011','90011','MRN-TRAIN-011','Mark',    'Delgado',   '1977-04-16', 47, 'male', 'A+',  '555-201-0011','mdelgado.train@example.com',   'a1000000-0000-0000-0000-000000000002'),
  ('b1000000-0000-0000-0000-000000000012','90012','MRN-TRAIN-012','Brian',   'Kowalski',  '1965-08-09', 59, 'male', 'B+',  '555-201-0012','bkowalski.train@example.com',  'a1000000-0000-0000-0000-000000000001'),
  ('b1000000-0000-0000-0000-000000000013','90013','MRN-TRAIN-013','Richard', 'Yamamoto',  '1982-05-21', 42, 'male', 'O+',  '555-201-0013','ryamamoto.train@example.com',  'a1000000-0000-0000-0000-000000000002'),
  ('b1000000-0000-0000-0000-000000000014','90014','MRN-TRAIN-014','Paul',    'Andersen',  '1956-11-30', 68, 'male', 'AB-', '555-201-0014','pandersen.train@example.com',  'a1000000-0000-0000-0000-000000000001'),
  ('b1000000-0000-0000-0000-000000000015','90015','MRN-TRAIN-015','George',  'Vasquez',   '1985-07-07', 39, 'male', 'A+',  '555-201-0015','gvasquez.train@example.com',   'a1000000-0000-0000-0000-000000000002'),
  ('b1000000-0000-0000-0000-000000000016','90016','MRN-TRAIN-016','Anthony', 'Reyes',     '1970-03-25', 55, 'male', 'O+',  '555-201-0016','areyes.train@example.com',     'a1000000-0000-0000-0000-000000000001'),
  ('b1000000-0000-0000-0000-000000000017','90017','MRN-TRAIN-017','Donald',  'Kim',       '1959-09-14', 65, 'male', 'B+',  '555-201-0017','dkim.train@example.com',       'a1000000-0000-0000-0000-000000000002'),
  ('b1000000-0000-0000-0000-000000000018','90018','MRN-TRAIN-018','Kenneth', 'Fletcher',  '1992-01-18', 32, 'male', 'O-',  '555-201-0018','kfletcher.train@example.com',  'a1000000-0000-0000-0000-000000000001'),
  ('b1000000-0000-0000-0000-000000000019','90019','MRN-TRAIN-019','Ronald',  'Shepherd',  '1963-06-02', 61, 'male', 'A-',  '555-201-0019','rshepherd.train@example.com',  'a1000000-0000-0000-0000-000000000002'),
  ('b1000000-0000-0000-0000-000000000020','90020','MRN-TRAIN-020','Larry',   'Hoffman',   '1952-04-10', 72, 'male', 'O+',  '555-201-0020','lhoffman.train@example.com',   'a1000000-0000-0000-0000-000000000001');

-- -----------------------------------------------
-- CONDITIONS
-- -----------------------------------------------
INSERT INTO conditions (patient_id, name, icd10_code, status, onset_year, notes) VALUES
-- 90001 Robert Mitchell
  ('b1000000-0000-0000-0000-000000000001','Male Hypogonadism','E29.1','active',2020,'Primary diagnosis; TRT initiated 2020-08'),
  ('b1000000-0000-0000-0000-000000000001','Hypertension','I10','active',2018,NULL),
  ('b1000000-0000-0000-0000-000000000001','Erectile Dysfunction','N52.9','active',2019,NULL),
-- 90002 James Crawford
  ('b1000000-0000-0000-0000-000000000002','Male Hypogonadism','E29.1','active',2019,'Baseline T 198 ng/dL'),
  ('b1000000-0000-0000-0000-000000000002','Type 2 Diabetes Mellitus','E11.9','active',2016,NULL),
  ('b1000000-0000-0000-0000-000000000002','Hyperlipidemia','E78.5','active',2017,NULL),
  ('b1000000-0000-0000-0000-000000000002','Obesity','E66.9','active',2016,NULL),
-- 90003 David Holbrook
  ('b1000000-0000-0000-0000-000000000003','Male Hypogonadism','E29.1','active',2022,'Baseline T 241 ng/dL'),
  ('b1000000-0000-0000-0000-000000000003','Erectile Dysfunction','N52.9','active',2021,NULL),
-- 90004 Michael Santos
  ('b1000000-0000-0000-0000-000000000004','Male Hypogonadism','E29.1','active',2017,'Baseline T 155 ng/dL'),
  ('b1000000-0000-0000-0000-000000000004','Hypertension','I10','active',2015,NULL),
  ('b1000000-0000-0000-0000-000000000004','Type 2 Diabetes Mellitus','E11.9','active',2014,NULL),
  ('b1000000-0000-0000-0000-000000000004','Hyperlipidemia','E78.5','active',2015,NULL),
  ('b1000000-0000-0000-0000-000000000004','Obesity','E66.9','chronic',2012,NULL),
-- 90005 Thomas Erikson
  ('b1000000-0000-0000-0000-000000000005','Male Hypogonadism','E29.1','active',2021,'Baseline T 271 ng/dL'),
  ('b1000000-0000-0000-0000-000000000005','Hyperlipidemia','E78.5','active',2020,NULL),
-- 90006 William Burke
  ('b1000000-0000-0000-0000-000000000006','Male Hypogonadism','E29.1','active',2016,'Baseline T 182 ng/dL; pellet patient'),
  ('b1000000-0000-0000-0000-000000000006','Hypertension','I10','active',2010,NULL),
  ('b1000000-0000-0000-0000-000000000006','Type 2 Diabetes Mellitus','E11.9','active',2012,NULL),
  ('b1000000-0000-0000-0000-000000000006','Hyperlipidemia','E78.5','chronic',2010,NULL),
  ('b1000000-0000-0000-0000-000000000006','Obesity','E66.9','chronic',2008,NULL),
-- 90007 Charles Nguyen
  ('b1000000-0000-0000-0000-000000000007','Male Hypogonadism','E29.1','active',2021,'Baseline T 226 ng/dL'),
  ('b1000000-0000-0000-0000-000000000007','Erectile Dysfunction','N52.9','active',2020,NULL),
-- 90008 Daniel Okafor
  ('b1000000-0000-0000-0000-000000000008','Male Hypogonadism','E29.1','active',2023,'Baseline T 289 ng/dL; young onset'),
  ('b1000000-0000-0000-0000-000000000008','Erectile Dysfunction','N52.9','active',2022,NULL),
-- 90009 Steven Patel
  ('b1000000-0000-0000-0000-000000000009','Male Hypogonadism','E29.1','active',2019,'Baseline T 210 ng/dL'),
  ('b1000000-0000-0000-0000-000000000009','Hypertension','I10','active',2018,NULL),
  ('b1000000-0000-0000-0000-000000000009','Type 2 Diabetes Mellitus','E11.9','active',2017,NULL),
-- 90010 Kevin Johansson
  ('b1000000-0000-0000-0000-000000000010','Male Hypogonadism','E29.1','active',2018,'Baseline T 167 ng/dL'),
  ('b1000000-0000-0000-0000-000000000010','Hypertension','I10','active',2014,NULL),
  ('b1000000-0000-0000-0000-000000000010','Hyperlipidemia','E78.5','active',2014,NULL),
  ('b1000000-0000-0000-0000-000000000010','Obesity','E66.9','chronic',2010,NULL),
-- 90011 Mark Delgado
  ('b1000000-0000-0000-0000-000000000011','Male Hypogonadism','E29.1','active',2020,'Baseline T 254 ng/dL'),
  ('b1000000-0000-0000-0000-000000000011','Erectile Dysfunction','N52.9','active',2019,NULL),
-- 90012 Brian Kowalski
  ('b1000000-0000-0000-0000-000000000012','Male Hypogonadism','E29.1','active',2016,'Baseline T 143 ng/dL'),
  ('b1000000-0000-0000-0000-000000000012','Hypertension','I10','active',2012,NULL),
  ('b1000000-0000-0000-0000-000000000012','Type 2 Diabetes Mellitus','E11.9','active',2013,NULL),
  ('b1000000-0000-0000-0000-000000000012','Hyperlipidemia','E78.5','active',2012,NULL),
  ('b1000000-0000-0000-0000-000000000012','Obesity','E66.9','chronic',2009,NULL),
-- 90013 Richard Yamamoto
  ('b1000000-0000-0000-0000-000000000013','Male Hypogonadism','E29.1','active',2022,'Baseline T 263 ng/dL'),
  ('b1000000-0000-0000-0000-000000000013','Erectile Dysfunction','N52.9','active',2021,NULL),
-- 90014 Paul Andersen
  ('b1000000-0000-0000-0000-000000000014','Male Hypogonadism','E29.1','active',2015,'Baseline T 131 ng/dL; pellet patient'),
  ('b1000000-0000-0000-0000-000000000014','Hypertension','I10','active',2008,NULL),
  ('b1000000-0000-0000-0000-000000000014','Type 2 Diabetes Mellitus','E11.9','active',2010,NULL),
  ('b1000000-0000-0000-0000-000000000014','Hyperlipidemia','E78.5','chronic',2008,NULL),
  ('b1000000-0000-0000-0000-000000000014','Obesity','E66.9','chronic',2005,NULL),
-- 90015 George Vasquez
  ('b1000000-0000-0000-0000-000000000015','Male Hypogonadism','E29.1','active',2023,'Baseline T 277 ng/dL'),
  ('b1000000-0000-0000-0000-000000000015','Erectile Dysfunction','N52.9','active',2022,NULL),
-- 90016 Anthony Reyes
  ('b1000000-0000-0000-0000-000000000016','Male Hypogonadism','E29.1','active',2019,'Baseline T 191 ng/dL'),
  ('b1000000-0000-0000-0000-000000000016','Hypertension','I10','active',2016,NULL),
  ('b1000000-0000-0000-0000-000000000016','Hyperlipidemia','E78.5','active',2017,NULL),
-- 90017 Donald Kim
  ('b1000000-0000-0000-0000-000000000017','Male Hypogonadism','E29.1','active',2014,'Baseline T 122 ng/dL; pellet patient'),
  ('b1000000-0000-0000-0000-000000000017','Hypertension','I10','active',2006,NULL),
  ('b1000000-0000-0000-0000-000000000017','Type 2 Diabetes Mellitus','E11.9','active',2008,NULL),
  ('b1000000-0000-0000-0000-000000000017','Hyperlipidemia','E78.5','chronic',2006,NULL),
-- 90018 Kenneth Fletcher
  ('b1000000-0000-0000-0000-000000000018','Male Hypogonadism','E29.1','active',2023,'Baseline T 268 ng/dL; youngest patient'),
  ('b1000000-0000-0000-0000-000000000018','Erectile Dysfunction','N52.9','active',2023,NULL),
-- 90019 Ronald Shepherd
  ('b1000000-0000-0000-0000-000000000019','Male Hypogonadism','E29.1','active',2017,'Baseline T 174 ng/dL'),
  ('b1000000-0000-0000-0000-000000000019','Hypertension','I10','active',2012,NULL),
  ('b1000000-0000-0000-0000-000000000019','Type 2 Diabetes Mellitus','E11.9','active',2014,NULL),
  ('b1000000-0000-0000-0000-000000000019','Hyperlipidemia','E78.5','active',2013,NULL),
-- 90020 Larry Hoffman
  ('b1000000-0000-0000-0000-000000000020','Male Hypogonadism','E29.1','active',2012,'Baseline T 108 ng/dL; oldest patient'),
  ('b1000000-0000-0000-0000-000000000020','Hypertension','I10','active',2002,NULL),
  ('b1000000-0000-0000-0000-000000000020','Type 2 Diabetes Mellitus','E11.9','active',2005,NULL),
  ('b1000000-0000-0000-0000-000000000020','Hyperlipidemia','E78.5','chronic',2002,NULL),
  ('b1000000-0000-0000-0000-000000000020','Obesity','E66.9','chronic',2000,NULL);

-- -----------------------------------------------
-- ALLERGIES
-- -----------------------------------------------
INSERT INTO allergies (patient_id, substance, reaction, severity) VALUES
  ('b1000000-0000-0000-0000-000000000001','Penicillin','Hives, urticaria','moderate'),
  ('b1000000-0000-0000-0000-000000000002','Sulfonamides','Rash, fever','moderate'),
  ('b1000000-0000-0000-0000-000000000002','NSAIDs','GI bleeding history','severe'),
  ('b1000000-0000-0000-0000-000000000003','Latex','Contact dermatitis','mild'),
  ('b1000000-0000-0000-0000-000000000004','Penicillin','Anaphylaxis','severe'),
  ('b1000000-0000-0000-0000-000000000005','NSAIDs','Gastric irritation','mild'),
  ('b1000000-0000-0000-0000-000000000006','Penicillin','Rash','moderate'),
  ('b1000000-0000-0000-0000-000000000006','Sulfonamides','Rash, pruritus','moderate'),
  ('b1000000-0000-0000-0000-000000000007','Latex','Contact dermatitis','mild'),
  ('b1000000-0000-0000-0000-000000000008','Penicillin','Hives','mild'),
  ('b1000000-0000-0000-0000-000000000009','Sulfonamides','Rash','moderate'),
  ('b1000000-0000-0000-0000-000000000010','NSAIDs','GI upset, prior bleed','severe'),
  ('b1000000-0000-0000-0000-000000000011','Penicillin','Rash, pruritus','moderate'),
  ('b1000000-0000-0000-0000-000000000012','Penicillin','Anaphylaxis — documented ER visit','severe'),
  ('b1000000-0000-0000-0000-000000000013','Latex','Contact dermatitis','mild'),
  ('b1000000-0000-0000-0000-000000000014','Sulfonamides','Rash, fever, liver enzyme elevation','severe'),
  ('b1000000-0000-0000-0000-000000000015','NSAIDs','Gastric ulcer history','severe'),
  ('b1000000-0000-0000-0000-000000000016','Penicillin','Hives','moderate'),
  ('b1000000-0000-0000-0000-000000000017','Penicillin','Anaphylaxis','severe'),
  ('b1000000-0000-0000-0000-000000000017','NSAIDs','GI bleed','severe'),
  ('b1000000-0000-0000-0000-000000000018','Latex','Contact dermatitis','mild'),
  ('b1000000-0000-0000-0000-000000000019','Sulfonamides','Rash','moderate'),
  ('b1000000-0000-0000-0000-000000000020','Penicillin','Rash, hives','moderate'),
  ('b1000000-0000-0000-0000-000000000020','NSAIDs','GI bleeding history','severe');

-- -----------------------------------------------
-- MEDICATIONS
-- -----------------------------------------------
INSERT INTO medications (patient_id, name, dosage, frequency, route, indication, prescribing_provider_id, start_date, end_date, status) VALUES
-- 90001 Robert Mitchell
  ('b1000000-0000-0000-0000-000000000001','Testosterone Cypionate 200mg/mL','1mL (200mg)','Every 10 days','injection','Male Hypogonadism','a1000000-0000-0000-0000-000000000001','2020-08-15',NULL,'active'),
  ('b1000000-0000-0000-0000-000000000001','Anastrozole','0.5mg','Twice weekly','oral','Estrogen control during TRT','a1000000-0000-0000-0000-000000000001','2020-08-15',NULL,'active'),
  ('b1000000-0000-0000-0000-000000000001','Lisinopril','10mg','Once daily','oral','Hypertension','a1000000-0000-0000-0000-000000000001','2018-03-01',NULL,'active'),
-- 90002 James Crawford
  ('b1000000-0000-0000-0000-000000000002','Testosterone Cypionate 200mg/mL','0.8mL (160mg)','Every 7 days','injection','Male Hypogonadism','a1000000-0000-0000-0000-000000000001','2019-05-20',NULL,'active'),
  ('b1000000-0000-0000-0000-000000000002','Anastrozole','0.5mg','Twice weekly','oral','Estrogen control during TRT','a1000000-0000-0000-0000-000000000001','2019-05-20',NULL,'active'),
  ('b1000000-0000-0000-0000-000000000002','Metformin','1000mg','Twice daily','oral','Type 2 Diabetes','a1000000-0000-0000-0000-000000000001','2016-01-10',NULL,'active'),
  ('b1000000-0000-0000-0000-000000000002','Atorvastatin','40mg','Once daily at bedtime','oral','Hyperlipidemia','a1000000-0000-0000-0000-000000000001','2017-04-05',NULL,'active'),
-- 90003 David Holbrook
  ('b1000000-0000-0000-0000-000000000003','Testosterone Cypionate 200mg/mL','1mL (200mg)','Every 14 days','injection','Male Hypogonadism','a1000000-0000-0000-0000-000000000002','2022-03-10',NULL,'active'),
  ('b1000000-0000-0000-0000-000000000003','HCG','500 IU','Three times weekly','injection','Testicular function preservation','a1000000-0000-0000-0000-000000000002','2022-03-10',NULL,'active'),
-- 90004 Michael Santos
  ('b1000000-0000-0000-0000-000000000004','Testosterone Cypionate 200mg/mL','1mL (200mg)','Every 10 days','injection','Male Hypogonadism','a1000000-0000-0000-0000-000000000001','2017-09-01',NULL,'active'),
  ('b1000000-0000-0000-0000-000000000004','Anastrozole','1mg','Twice weekly','oral','Estrogen control during TRT','a1000000-0000-0000-0000-000000000001','2017-09-01',NULL,'active'),
  ('b1000000-0000-0000-0000-000000000004','Metformin','500mg','Twice daily','oral','Type 2 Diabetes','a1000000-0000-0000-0000-000000000001','2014-06-01',NULL,'active'),
  ('b1000000-0000-0000-0000-000000000004','Lisinopril','20mg','Once daily','oral','Hypertension','a1000000-0000-0000-0000-000000000001','2015-02-14',NULL,'active'),
  ('b1000000-0000-0000-0000-000000000004','Atorvastatin','40mg','Once daily at bedtime','oral','Hyperlipidemia','a1000000-0000-0000-0000-000000000001','2015-02-14',NULL,'active'),
-- 90005 Thomas Erikson
  ('b1000000-0000-0000-0000-000000000005','Testosterone Cypionate 200mg/mL','0.5mL (100mg)','Every 7 days','injection','Male Hypogonadism','a1000000-0000-0000-0000-000000000002','2021-06-15',NULL,'active'),
  ('b1000000-0000-0000-0000-000000000005','Atorvastatin','20mg','Once daily at bedtime','oral','Hyperlipidemia','a1000000-0000-0000-0000-000000000002','2020-09-22',NULL,'active'),
-- 90006 William Burke (pellet patient)
  ('b1000000-0000-0000-0000-000000000006','Testosterone Pellets','900mg (6 pellets)','Every 5 months','pellet','Male Hypogonadism','a1000000-0000-0000-0000-000000000001','2016-11-10',NULL,'active'),
  ('b1000000-0000-0000-0000-000000000006','Metformin','1000mg','Twice daily','oral','Type 2 Diabetes','a1000000-0000-0000-0000-000000000001','2012-03-01',NULL,'active'),
  ('b1000000-0000-0000-0000-000000000006','Lisinopril','20mg','Once daily','oral','Hypertension','a1000000-0000-0000-0000-000000000001','2010-05-01',NULL,'active'),
  ('b1000000-0000-0000-0000-000000000006','Atorvastatin','40mg','Once daily at bedtime','oral','Hyperlipidemia','a1000000-0000-0000-0000-000000000001','2010-05-01',NULL,'active'),
-- 90007 Charles Nguyen
  ('b1000000-0000-0000-0000-000000000007','Testosterone Cypionate 200mg/mL','0.8mL (160mg)','Every 10 days','injection','Male Hypogonadism','a1000000-0000-0000-0000-000000000002','2021-08-05',NULL,'active'),
  ('b1000000-0000-0000-0000-000000000007','Clomiphene','25mg','Every other day','oral','Testicular stimulation / secondary hypogonadism','a1000000-0000-0000-0000-000000000002','2021-08-05','2022-02-01','discontinued'),
-- 90008 Daniel Okafor
  ('b1000000-0000-0000-0000-000000000008','Testosterone Cypionate 200mg/mL','0.5mL (100mg)','Every 7 days','injection','Male Hypogonadism','a1000000-0000-0000-0000-000000000001','2023-04-18',NULL,'active'),
  ('b1000000-0000-0000-0000-000000000008','HCG','500 IU','Three times weekly','injection','Fertility preservation','a1000000-0000-0000-0000-000000000001','2023-04-18',NULL,'active'),
-- 90009 Steven Patel
  ('b1000000-0000-0000-0000-000000000009','Testosterone Cypionate 200mg/mL','1mL (200mg)','Every 10 days','injection','Male Hypogonadism','a1000000-0000-0000-0000-000000000002','2019-10-12',NULL,'active'),
  ('b1000000-0000-0000-0000-000000000009','Anastrozole','0.5mg','Twice weekly','oral','Estrogen control during TRT','a1000000-0000-0000-0000-000000000002','2019-10-12',NULL,'active'),
  ('b1000000-0000-0000-0000-000000000009','Metformin','500mg','Once daily','oral','Type 2 Diabetes','a1000000-0000-0000-0000-000000000002','2017-07-01',NULL,'active'),
  ('b1000000-0000-0000-0000-000000000009','Lisinopril','10mg','Once daily','oral','Hypertension','a1000000-0000-0000-0000-000000000002','2018-04-01',NULL,'active'),
-- 90010 Kevin Johansson
  ('b1000000-0000-0000-0000-000000000010','Testosterone Cypionate 200mg/mL','1mL (200mg)','Every 10 days','injection','Male Hypogonadism','a1000000-0000-0000-0000-000000000001','2018-06-01',NULL,'active'),
  ('b1000000-0000-0000-0000-000000000010','Anastrozole','0.5mg','Twice weekly','oral','Estrogen control during TRT','a1000000-0000-0000-0000-000000000001','2018-06-01',NULL,'active'),
  ('b1000000-0000-0000-0000-000000000010','Atorvastatin','40mg','Once daily at bedtime','oral','Hyperlipidemia','a1000000-0000-0000-0000-000000000001','2014-09-01',NULL,'active'),
-- 90011 Mark Delgado
  ('b1000000-0000-0000-0000-000000000011','Testosterone Cypionate 200mg/mL','0.8mL (160mg)','Every 7 days','injection','Male Hypogonadism','a1000000-0000-0000-0000-000000000002','2020-11-20',NULL,'active'),
  ('b1000000-0000-0000-0000-000000000011','HCG','250 IU','Twice weekly','injection','Testicular function preservation','a1000000-0000-0000-0000-000000000002','2020-11-20',NULL,'active'),
-- 90012 Brian Kowalski
  ('b1000000-0000-0000-0000-000000000012','Testosterone Cypionate 200mg/mL','1mL (200mg)','Every 10 days','injection','Male Hypogonadism','a1000000-0000-0000-0000-000000000001','2016-07-15',NULL,'active'),
  ('b1000000-0000-0000-0000-000000000012','Anastrozole','1mg','Twice weekly','oral','Estrogen control during TRT','a1000000-0000-0000-0000-000000000001','2016-07-15',NULL,'active'),
  ('b1000000-0000-0000-0000-000000000012','Metformin','1000mg','Twice daily','oral','Type 2 Diabetes','a1000000-0000-0000-0000-000000000001','2013-01-01',NULL,'active'),
  ('b1000000-0000-0000-0000-000000000012','Lisinopril','20mg','Once daily','oral','Hypertension','a1000000-0000-0000-0000-000000000001','2012-06-01',NULL,'active'),
  ('b1000000-0000-0000-0000-000000000012','Atorvastatin','40mg','Once daily at bedtime','oral','Hyperlipidemia','a1000000-0000-0000-0000-000000000001','2012-06-01',NULL,'active'),
-- 90013 Richard Yamamoto
  ('b1000000-0000-0000-0000-000000000013','Testosterone Cypionate 200mg/mL','0.5mL (100mg)','Every 7 days','injection','Male Hypogonadism','a1000000-0000-0000-0000-000000000002','2022-09-01',NULL,'active'),
  ('b1000000-0000-0000-0000-000000000013','Anastrozole','0.5mg','Twice weekly','oral','Estrogen control during TRT','a1000000-0000-0000-0000-000000000002','2022-09-01',NULL,'active'),
-- 90014 Paul Andersen (pellet patient)
  ('b1000000-0000-0000-0000-000000000014','Testosterone Pellets','1050mg (7 pellets)','Every 5 months','pellet','Male Hypogonadism','a1000000-0000-0000-0000-000000000001','2015-05-01',NULL,'active'),
  ('b1000000-0000-0000-0000-000000000014','Metformin','1000mg','Twice daily','oral','Type 2 Diabetes','a1000000-0000-0000-0000-000000000001','2010-02-01',NULL,'active'),
  ('b1000000-0000-0000-0000-000000000014','Lisinopril','20mg','Once daily','oral','Hypertension','a1000000-0000-0000-0000-000000000001','2008-08-01',NULL,'active'),
  ('b1000000-0000-0000-0000-000000000014','Atorvastatin','40mg','Once daily at bedtime','oral','Hyperlipidemia','a1000000-0000-0000-0000-000000000001','2008-08-01',NULL,'active'),
-- 90015 George Vasquez
  ('b1000000-0000-0000-0000-000000000015','Testosterone Cypionate 200mg/mL','0.5mL (100mg)','Every 7 days','injection','Male Hypogonadism','a1000000-0000-0000-0000-000000000002','2023-02-14',NULL,'active'),
  ('b1000000-0000-0000-0000-000000000015','Clomiphene','25mg','Every other day','oral','Testicular stimulation','a1000000-0000-0000-0000-000000000002','2023-02-14',NULL,'active'),
-- 90016 Anthony Reyes
  ('b1000000-0000-0000-0000-000000000016','Testosterone Cypionate 200mg/mL','1mL (200mg)','Every 10 days','injection','Male Hypogonadism','a1000000-0000-0000-0000-000000000001','2019-07-08',NULL,'active'),
  ('b1000000-0000-0000-0000-000000000016','Anastrozole','0.5mg','Twice weekly','oral','Estrogen control during TRT','a1000000-0000-0000-0000-000000000001','2019-07-08',NULL,'active'),
  ('b1000000-0000-0000-0000-000000000016','Lisinopril','10mg','Once daily','oral','Hypertension','a1000000-0000-0000-0000-000000000001','2016-03-01',NULL,'active'),
  ('b1000000-0000-0000-0000-000000000016','Atorvastatin','20mg','Once daily at bedtime','oral','Hyperlipidemia','a1000000-0000-0000-0000-000000000001','2017-01-01',NULL,'active'),
-- 90017 Donald Kim (pellet patient)
  ('b1000000-0000-0000-0000-000000000017','Testosterone Pellets','900mg (6 pellets)','Every 5 months','pellet','Male Hypogonadism','a1000000-0000-0000-0000-000000000002','2014-09-01',NULL,'active'),
  ('b1000000-0000-0000-0000-000000000017','Metformin','500mg','Twice daily','oral','Type 2 Diabetes','a1000000-0000-0000-0000-000000000002','2008-05-01',NULL,'active'),
  ('b1000000-0000-0000-0000-000000000017','Lisinopril','20mg','Once daily','oral','Hypertension','a1000000-0000-0000-0000-000000000002','2006-11-01',NULL,'active'),
  ('b1000000-0000-0000-0000-000000000017','Atorvastatin','40mg','Once daily at bedtime','oral','Hyperlipidemia','a1000000-0000-0000-0000-000000000002','2006-11-01',NULL,'active'),
-- 90018 Kenneth Fletcher
  ('b1000000-0000-0000-0000-000000000018','Testosterone Cypionate 200mg/mL','0.5mL (100mg)','Every 7 days','injection','Male Hypogonadism','a1000000-0000-0000-0000-000000000001','2023-07-01',NULL,'active'),
  ('b1000000-0000-0000-0000-000000000018','HCG','500 IU','Three times weekly','injection','Fertility preservation (age-appropriate)','a1000000-0000-0000-0000-000000000001','2023-07-01',NULL,'active'),
-- 90019 Ronald Shepherd
  ('b1000000-0000-0000-0000-000000000019','Testosterone Cypionate 200mg/mL','1mL (200mg)','Every 10 days','injection','Male Hypogonadism','a1000000-0000-0000-0000-000000000002','2017-11-01',NULL,'active'),
  ('b1000000-0000-0000-0000-000000000019','Anastrozole','0.5mg','Twice weekly','oral','Estrogen control during TRT','a1000000-0000-0000-0000-000000000002','2017-11-01',NULL,'active'),
  ('b1000000-0000-0000-0000-000000000019','Metformin','1000mg','Twice daily','oral','Type 2 Diabetes','a1000000-0000-0000-0000-000000000002','2014-03-01',NULL,'active'),
  ('b1000000-0000-0000-0000-000000000019','Lisinopril','20mg','Once daily','oral','Hypertension','a1000000-0000-0000-0000-000000000002','2012-08-01',NULL,'active'),
  ('b1000000-0000-0000-0000-000000000019','Atorvastatin','20mg','Once daily at bedtime','oral','Hyperlipidemia','a1000000-0000-0000-0000-000000000002','2013-05-01',NULL,'active'),
-- 90020 Larry Hoffman
  ('b1000000-0000-0000-0000-000000000020','Testosterone Cypionate 200mg/mL','0.8mL (160mg)','Every 10 days','injection','Male Hypogonadism','a1000000-0000-0000-0000-000000000001','2012-04-01',NULL,'active'),
  ('b1000000-0000-0000-0000-000000000020','Anastrozole','0.5mg','Twice weekly','oral','Estrogen control during TRT','a1000000-0000-0000-0000-000000000001','2012-04-01',NULL,'active'),
  ('b1000000-0000-0000-0000-000000000020','Metformin','1000mg','Twice daily','oral','Type 2 Diabetes','a1000000-0000-0000-0000-000000000001','2005-01-01',NULL,'active'),
  ('b1000000-0000-0000-0000-000000000020','Lisinopril','20mg','Once daily','oral','Hypertension','a1000000-0000-0000-0000-000000000001','2002-06-01',NULL,'active'),
  ('b1000000-0000-0000-0000-000000000020','Atorvastatin','40mg','Once daily at bedtime','oral','Hyperlipidemia','a1000000-0000-0000-0000-000000000001','2002-06-01',NULL,'active');

-- -----------------------------------------------
-- VITALS
-- -----------------------------------------------
INSERT INTO vitals (patient_id, recorded_date, weight_lbs, height_inches, bmi, bp_systolic, bp_diastolic, heart_rate, recorded_by_id) VALUES
  ('b1000000-0000-0000-0000-000000000001','2025-10-15',214.0,70.0,30.7,132,84,72,'a1000000-0000-0000-0000-000000000001'),
  ('b1000000-0000-0000-0000-000000000002','2025-11-02',248.0,68.0,37.7,144,90,78,'a1000000-0000-0000-0000-000000000001'),
  ('b1000000-0000-0000-0000-000000000003','2025-09-18',186.0,72.0,25.2,124,80,68,'a1000000-0000-0000-0000-000000000002'),
  ('b1000000-0000-0000-0000-000000000004','2025-10-28',267.0,69.0,39.5,148,94,80,'a1000000-0000-0000-0000-000000000001'),
  ('b1000000-0000-0000-0000-000000000005','2025-11-10',198.0,71.0,27.6,128,82,70,'a1000000-0000-0000-0000-000000000002'),
  ('b1000000-0000-0000-0000-000000000006','2025-10-05',282.0,70.0,40.5,152,96,82,'a1000000-0000-0000-0000-000000000001'),
  ('b1000000-0000-0000-0000-000000000007','2025-09-25',176.0,68.0,26.8,120,78,66,'a1000000-0000-0000-0000-000000000002'),
  ('b1000000-0000-0000-0000-000000000008','2025-11-20',192.0,73.0,25.3,118,76,64,'a1000000-0000-0000-0000-000000000001'),
  ('b1000000-0000-0000-0000-000000000009','2025-10-12',221.0,69.0,32.7,138,88,74,'a1000000-0000-0000-0000-000000000002'),
  ('b1000000-0000-0000-0000-000000000010','2025-11-08',256.0,70.0,36.7,146,92,80,'a1000000-0000-0000-0000-000000000001'),
  ('b1000000-0000-0000-0000-000000000011','2025-09-30',188.0,71.0,26.2,126,80,70,'a1000000-0000-0000-0000-000000000002'),
  ('b1000000-0000-0000-0000-000000000012','2025-10-22',274.0,69.0,40.5,150,94,82,'a1000000-0000-0000-0000-000000000001'),
  ('b1000000-0000-0000-0000-000000000013','2025-11-14',179.0,70.0,25.7,122,78,68,'a1000000-0000-0000-0000-000000000002'),
  ('b1000000-0000-0000-0000-000000000014','2025-10-01',262.0,68.0,39.8,154,98,86,'a1000000-0000-0000-0000-000000000001'),
  ('b1000000-0000-0000-0000-000000000015','2025-09-10',183.0,72.0,24.8,120,78,66,'a1000000-0000-0000-0000-000000000002'),
  ('b1000000-0000-0000-0000-000000000016','2025-11-05',218.0,70.0,31.3,136,86,74,'a1000000-0000-0000-0000-000000000001'),
  ('b1000000-0000-0000-0000-000000000017','2025-10-18',258.0,68.0,39.2,148,92,80,'a1000000-0000-0000-0000-000000000002'),
  ('b1000000-0000-0000-0000-000000000018','2025-11-25',174.0,71.0,24.3,116,74,62,'a1000000-0000-0000-0000-000000000001'),
  ('b1000000-0000-0000-0000-000000000019','2025-10-30',236.0,69.0,34.9,142,90,78,'a1000000-0000-0000-0000-000000000002'),
  ('b1000000-0000-0000-0000-000000000020','2025-11-15',248.0,67.0,38.9,156,100,88,'a1000000-0000-0000-0000-000000000001');

-- -----------------------------------------------
-- LAB RESULTS
-- -----------------------------------------------
INSERT INTO lab_results (patient_id, test_name, value, unit, reference_range, status, collected_date, resulted_date, ordered_by_id) VALUES
-- 90001 Robert Mitchell — on TRT, levels optimized
  ('b1000000-0000-0000-0000-000000000001','Total Testosterone','842','ng/dL','300–1000 ng/dL','normal','2025-10-14','2025-10-15','a1000000-0000-0000-0000-000000000001'),
  ('b1000000-0000-0000-0000-000000000001','Free Testosterone','18.4','pg/mL','9.0–30.0 pg/mL','normal','2025-10-14','2025-10-15','a1000000-0000-0000-0000-000000000001'),
  ('b1000000-0000-0000-0000-000000000001','Estradiol (E2)','28','pg/mL','10–40 pg/mL','normal','2025-10-14','2025-10-15','a1000000-0000-0000-0000-000000000001'),
  ('b1000000-0000-0000-0000-000000000001','PSA','1.2','ng/mL','< 4.0 ng/mL','normal','2025-10-14','2025-10-15','a1000000-0000-0000-0000-000000000001'),
  ('b1000000-0000-0000-0000-000000000001','Hematocrit','46','%','38.3–48.6%','normal','2025-10-14','2025-10-15','a1000000-0000-0000-0000-000000000001'),
  ('b1000000-0000-0000-0000-000000000001','SHBG','24','nmol/L','10–57 nmol/L','normal','2025-10-14','2025-10-15','a1000000-0000-0000-0000-000000000001'),
-- 90002 James Crawford
  ('b1000000-0000-0000-0000-000000000002','Total Testosterone','764','ng/dL','300–1000 ng/dL','normal','2025-10-30','2025-11-01','a1000000-0000-0000-0000-000000000001'),
  ('b1000000-0000-0000-0000-000000000002','Estradiol (E2)','38','pg/mL','10–40 pg/mL','normal','2025-10-30','2025-11-01','a1000000-0000-0000-0000-000000000001'),
  ('b1000000-0000-0000-0000-000000000002','PSA','1.8','ng/mL','< 4.0 ng/mL','normal','2025-10-30','2025-11-01','a1000000-0000-0000-0000-000000000001'),
  ('b1000000-0000-0000-0000-000000000002','HbA1c','7.4','%','< 5.7% normal; < 7.0% target','abnormal','2025-10-30','2025-11-01','a1000000-0000-0000-0000-000000000001'),
  ('b1000000-0000-0000-0000-000000000002','Hematocrit','48','%','38.3–48.6%','normal','2025-10-30','2025-11-01','a1000000-0000-0000-0000-000000000001'),
  ('b1000000-0000-0000-0000-000000000002','LDL Cholesterol','112','mg/dL','< 100 mg/dL target','abnormal','2025-10-30','2025-11-01','a1000000-0000-0000-0000-000000000001'),
-- 90003 David Holbrook
  ('b1000000-0000-0000-0000-000000000003','Total Testosterone','918','ng/dL','300–1000 ng/dL','normal','2025-09-16','2025-09-17','a1000000-0000-0000-0000-000000000002'),
  ('b1000000-0000-0000-0000-000000000003','Free Testosterone','22.1','pg/mL','9.0–30.0 pg/mL','normal','2025-09-16','2025-09-17','a1000000-0000-0000-0000-000000000002'),
  ('b1000000-0000-0000-0000-000000000003','Estradiol (E2)','34','pg/mL','10–40 pg/mL','normal','2025-09-16','2025-09-17','a1000000-0000-0000-0000-000000000002'),
  ('b1000000-0000-0000-0000-000000000003','PSA','0.7','ng/mL','< 4.0 ng/mL','normal','2025-09-16','2025-09-17','a1000000-0000-0000-0000-000000000002'),
  ('b1000000-0000-0000-0000-000000000003','LH','1.2','mIU/mL','1.7–8.6 mIU/mL (suppressed on TRT)','abnormal','2025-09-16','2025-09-17','a1000000-0000-0000-0000-000000000002'),
  ('b1000000-0000-0000-0000-000000000003','FSH','0.8','mIU/mL','1.5–12.4 mIU/mL (suppressed on TRT)','abnormal','2025-09-16','2025-09-17','a1000000-0000-0000-0000-000000000002'),
-- 90004 Michael Santos
  ('b1000000-0000-0000-0000-000000000004','Total Testosterone','1024','ng/dL','300–1000 ng/dL','abnormal','2025-10-27','2025-10-28','a1000000-0000-0000-0000-000000000001'),
  ('b1000000-0000-0000-0000-000000000004','Estradiol (E2)','47','pg/mL','10–40 pg/mL','abnormal','2025-10-27','2025-10-28','a1000000-0000-0000-0000-000000000001'),
  ('b1000000-0000-0000-0000-000000000004','PSA','2.1','ng/mL','< 4.0 ng/mL','normal','2025-10-27','2025-10-28','a1000000-0000-0000-0000-000000000001'),
  ('b1000000-0000-0000-0000-000000000004','HbA1c','8.1','%','< 5.7% normal; < 7.0% target','abnormal','2025-10-27','2025-10-28','a1000000-0000-0000-0000-000000000001'),
  ('b1000000-0000-0000-0000-000000000004','Hematocrit','51','%','38.3–48.6%','abnormal','2025-10-27','2025-10-28','a1000000-0000-0000-0000-000000000001'),
-- 90005 Thomas Erikson
  ('b1000000-0000-0000-0000-000000000005','Total Testosterone','788','ng/dL','300–1000 ng/dL','normal','2025-11-08','2025-11-10','a1000000-0000-0000-0000-000000000002'),
  ('b1000000-0000-0000-0000-000000000005','Estradiol (E2)','26','pg/mL','10–40 pg/mL','normal','2025-11-08','2025-11-10','a1000000-0000-0000-0000-000000000002'),
  ('b1000000-0000-0000-0000-000000000005','PSA','0.9','ng/mL','< 4.0 ng/mL','normal','2025-11-08','2025-11-10','a1000000-0000-0000-0000-000000000002'),
  ('b1000000-0000-0000-0000-000000000005','LDL Cholesterol','94','mg/dL','< 100 mg/dL target','normal','2025-11-08','2025-11-10','a1000000-0000-0000-0000-000000000002'),
-- 90006 William Burke
  ('b1000000-0000-0000-0000-000000000006','Total Testosterone','934','ng/dL','300–1000 ng/dL','normal','2025-10-03','2025-10-04','a1000000-0000-0000-0000-000000000001'),
  ('b1000000-0000-0000-0000-000000000006','Estradiol (E2)','36','pg/mL','10–40 pg/mL','normal','2025-10-03','2025-10-04','a1000000-0000-0000-0000-000000000001'),
  ('b1000000-0000-0000-0000-000000000006','PSA','3.1','ng/mL','< 4.0 ng/mL','normal','2025-10-03','2025-10-04','a1000000-0000-0000-0000-000000000001'),
  ('b1000000-0000-0000-0000-000000000006','HbA1c','7.9','%','< 5.7% normal; < 7.0% target','abnormal','2025-10-03','2025-10-04','a1000000-0000-0000-0000-000000000001'),
  ('b1000000-0000-0000-0000-000000000006','Hematocrit','49','%','38.3–48.6%','abnormal','2025-10-03','2025-10-04','a1000000-0000-0000-0000-000000000001'),
-- 90007 Charles Nguyen
  ('b1000000-0000-0000-0000-000000000007','Total Testosterone','856','ng/dL','300–1000 ng/dL','normal','2025-09-23','2025-09-24','a1000000-0000-0000-0000-000000000002'),
  ('b1000000-0000-0000-0000-000000000007','Estradiol (E2)','31','pg/mL','10–40 pg/mL','normal','2025-09-23','2025-09-24','a1000000-0000-0000-0000-000000000002'),
  ('b1000000-0000-0000-0000-000000000007','PSA','0.6','ng/mL','< 4.0 ng/mL','normal','2025-09-23','2025-09-24','a1000000-0000-0000-0000-000000000002'),
-- 90008 Daniel Okafor
  ('b1000000-0000-0000-0000-000000000008','Total Testosterone','712','ng/dL','300–1000 ng/dL','normal','2025-11-18','2025-11-19','a1000000-0000-0000-0000-000000000001'),
  ('b1000000-0000-0000-0000-000000000008','Free Testosterone','16.8','pg/mL','9.0–30.0 pg/mL','normal','2025-11-18','2025-11-19','a1000000-0000-0000-0000-000000000001'),
  ('b1000000-0000-0000-0000-000000000008','Estradiol (E2)','22','pg/mL','10–40 pg/mL','normal','2025-11-18','2025-11-19','a1000000-0000-0000-0000-000000000001'),
  ('b1000000-0000-0000-0000-000000000008','PSA','0.4','ng/mL','< 4.0 ng/mL','normal','2025-11-18','2025-11-19','a1000000-0000-0000-0000-000000000001'),
  ('b1000000-0000-0000-0000-000000000008','LH','0.9','mIU/mL','1.7–8.6 mIU/mL (suppressed on TRT)','abnormal','2025-11-18','2025-11-19','a1000000-0000-0000-0000-000000000001'),
-- 90009 Steven Patel
  ('b1000000-0000-0000-0000-000000000009','Total Testosterone','796','ng/dL','300–1000 ng/dL','normal','2025-10-10','2025-10-11','a1000000-0000-0000-0000-000000000002'),
  ('b1000000-0000-0000-0000-000000000009','Estradiol (E2)','33','pg/mL','10–40 pg/mL','normal','2025-10-10','2025-10-11','a1000000-0000-0000-0000-000000000002'),
  ('b1000000-0000-0000-0000-000000000009','PSA','1.4','ng/mL','< 4.0 ng/mL','normal','2025-10-10','2025-10-11','a1000000-0000-0000-0000-000000000002'),
  ('b1000000-0000-0000-0000-000000000009','HbA1c','6.8','%','< 5.7% normal; < 7.0% target','normal','2025-10-10','2025-10-11','a1000000-0000-0000-0000-000000000002'),
-- 90010 Kevin Johansson
  ('b1000000-0000-0000-0000-000000000010','Total Testosterone','878','ng/dL','300–1000 ng/dL','normal','2025-11-06','2025-11-07','a1000000-0000-0000-0000-000000000001'),
  ('b1000000-0000-0000-0000-000000000010','Estradiol (E2)','41','pg/mL','10–40 pg/mL','abnormal','2025-11-06','2025-11-07','a1000000-0000-0000-0000-000000000001'),
  ('b1000000-0000-0000-0000-000000000010','PSA','2.3','ng/mL','< 4.0 ng/mL','normal','2025-11-06','2025-11-07','a1000000-0000-0000-0000-000000000001'),
  ('b1000000-0000-0000-0000-000000000010','Hematocrit','50','%','38.3–48.6%','abnormal','2025-11-06','2025-11-07','a1000000-0000-0000-0000-000000000001'),
-- 90011 Mark Delgado
  ('b1000000-0000-0000-0000-000000000011','Total Testosterone','824','ng/dL','300–1000 ng/dL','normal','2025-09-28','2025-09-29','a1000000-0000-0000-0000-000000000002'),
  ('b1000000-0000-0000-0000-000000000011','Estradiol (E2)','29','pg/mL','10–40 pg/mL','normal','2025-09-28','2025-09-29','a1000000-0000-0000-0000-000000000002'),
  ('b1000000-0000-0000-0000-000000000011','PSA','0.8','ng/mL','< 4.0 ng/mL','normal','2025-09-28','2025-09-29','a1000000-0000-0000-0000-000000000002'),
-- 90012 Brian Kowalski
  ('b1000000-0000-0000-0000-000000000012','Total Testosterone','946','ng/dL','300–1000 ng/dL','normal','2025-10-20','2025-10-21','a1000000-0000-0000-0000-000000000001'),
  ('b1000000-0000-0000-0000-000000000012','Estradiol (E2)','44','pg/mL','10–40 pg/mL','abnormal','2025-10-20','2025-10-21','a1000000-0000-0000-0000-000000000001'),
  ('b1000000-0000-0000-0000-000000000012','PSA','2.8','ng/mL','< 4.0 ng/mL','normal','2025-10-20','2025-10-21','a1000000-0000-0000-0000-000000000001'),
  ('b1000000-0000-0000-0000-000000000012','HbA1c','8.4','%','< 5.7% normal; < 7.0% target','abnormal','2025-10-20','2025-10-21','a1000000-0000-0000-0000-000000000001'),
  ('b1000000-0000-0000-0000-000000000012','Hematocrit','52','%','38.3–48.6%','abnormal','2025-10-20','2025-10-21','a1000000-0000-0000-0000-000000000001'),
-- 90013 Richard Yamamoto
  ('b1000000-0000-0000-0000-000000000013','Total Testosterone','748','ng/dL','300–1000 ng/dL','normal','2025-11-12','2025-11-13','a1000000-0000-0000-0000-000000000002'),
  ('b1000000-0000-0000-0000-000000000013','Estradiol (E2)','27','pg/mL','10–40 pg/mL','normal','2025-11-12','2025-11-13','a1000000-0000-0000-0000-000000000002'),
  ('b1000000-0000-0000-0000-000000000013','PSA','0.5','ng/mL','< 4.0 ng/mL','normal','2025-11-12','2025-11-13','a1000000-0000-0000-0000-000000000002'),
-- 90014 Paul Andersen (pellet, older patient — PSA monitored)
  ('b1000000-0000-0000-0000-000000000014','Total Testosterone','882','ng/dL','300–1000 ng/dL','normal','2025-09-29','2025-09-30','a1000000-0000-0000-0000-000000000001'),
  ('b1000000-0000-0000-0000-000000000014','Estradiol (E2)','39','pg/mL','10–40 pg/mL','normal','2025-09-29','2025-09-30','a1000000-0000-0000-0000-000000000001'),
  ('b1000000-0000-0000-0000-000000000014','PSA','3.4','ng/mL','< 4.0 ng/mL; monitor >3.0','normal','2025-09-29','2025-09-30','a1000000-0000-0000-0000-000000000001'),
  ('b1000000-0000-0000-0000-000000000014','HbA1c','7.6','%','< 5.7% normal; < 7.0% target','abnormal','2025-09-29','2025-09-30','a1000000-0000-0000-0000-000000000001'),
  ('b1000000-0000-0000-0000-000000000014','Hematocrit','49','%','38.3–48.6%','abnormal','2025-09-29','2025-09-30','a1000000-0000-0000-0000-000000000001'),
-- 90015 George Vasquez
  ('b1000000-0000-0000-0000-000000000015','Total Testosterone','688','ng/dL','300–1000 ng/dL','normal','2025-09-08','2025-09-09','a1000000-0000-0000-0000-000000000002'),
  ('b1000000-0000-0000-0000-000000000015','Estradiol (E2)','23','pg/mL','10–40 pg/mL','normal','2025-09-08','2025-09-09','a1000000-0000-0000-0000-000000000002'),
  ('b1000000-0000-0000-0000-000000000015','PSA','0.3','ng/mL','< 4.0 ng/mL','normal','2025-09-08','2025-09-09','a1000000-0000-0000-0000-000000000002'),
-- 90016 Anthony Reyes
  ('b1000000-0000-0000-0000-000000000016','Total Testosterone','812','ng/dL','300–1000 ng/dL','normal','2025-11-03','2025-11-04','a1000000-0000-0000-0000-000000000001'),
  ('b1000000-0000-0000-0000-000000000016','Estradiol (E2)','30','pg/mL','10–40 pg/mL','normal','2025-11-03','2025-11-04','a1000000-0000-0000-0000-000000000001'),
  ('b1000000-0000-0000-0000-000000000016','PSA','1.6','ng/mL','< 4.0 ng/mL','normal','2025-11-03','2025-11-04','a1000000-0000-0000-0000-000000000001'),
  ('b1000000-0000-0000-0000-000000000016','LDL Cholesterol','108','mg/dL','< 100 mg/dL target','abnormal','2025-11-03','2025-11-04','a1000000-0000-0000-0000-000000000001'),
-- 90017 Donald Kim
  ('b1000000-0000-0000-0000-000000000017','Total Testosterone','904','ng/dL','300–1000 ng/dL','normal','2025-10-16','2025-10-17','a1000000-0000-0000-0000-000000000002'),
  ('b1000000-0000-0000-0000-000000000017','Estradiol (E2)','37','pg/mL','10–40 pg/mL','normal','2025-10-16','2025-10-17','a1000000-0000-0000-0000-000000000002'),
  ('b1000000-0000-0000-0000-000000000017','PSA','3.2','ng/mL','< 4.0 ng/mL; monitor >3.0','normal','2025-10-16','2025-10-17','a1000000-0000-0000-0000-000000000002'),
  ('b1000000-0000-0000-0000-000000000017','HbA1c','7.2','%','< 5.7% normal; < 7.0% target','abnormal','2025-10-16','2025-10-17','a1000000-0000-0000-0000-000000000002'),
-- 90018 Kenneth Fletcher
  ('b1000000-0000-0000-0000-000000000018','Total Testosterone','724','ng/dL','300–1000 ng/dL','normal','2025-11-23','2025-11-24','a1000000-0000-0000-0000-000000000001'),
  ('b1000000-0000-0000-0000-000000000018','Free Testosterone','19.2','pg/mL','9.0–30.0 pg/mL','normal','2025-11-23','2025-11-24','a1000000-0000-0000-0000-000000000001'),
  ('b1000000-0000-0000-0000-000000000018','Estradiol (E2)','24','pg/mL','10–40 pg/mL','normal','2025-11-23','2025-11-24','a1000000-0000-0000-0000-000000000001'),
  ('b1000000-0000-0000-0000-000000000018','PSA','0.2','ng/mL','< 4.0 ng/mL','normal','2025-11-23','2025-11-24','a1000000-0000-0000-0000-000000000001'),
  ('b1000000-0000-0000-0000-000000000018','LH','0.8','mIU/mL','1.7–8.6 mIU/mL (suppressed on TRT)','abnormal','2025-11-23','2025-11-24','a1000000-0000-0000-0000-000000000001'),
  ('b1000000-0000-0000-0000-000000000018','FSH','0.6','mIU/mL','1.5–12.4 mIU/mL (suppressed on TRT)','abnormal','2025-11-23','2025-11-24','a1000000-0000-0000-0000-000000000001'),
-- 90019 Ronald Shepherd
  ('b1000000-0000-0000-0000-000000000019','Total Testosterone','832','ng/dL','300–1000 ng/dL','normal','2025-10-28','2025-10-29','a1000000-0000-0000-0000-000000000002'),
  ('b1000000-0000-0000-0000-000000000019','Estradiol (E2)','32','pg/mL','10–40 pg/mL','normal','2025-10-28','2025-10-29','a1000000-0000-0000-0000-000000000002'),
  ('b1000000-0000-0000-0000-000000000019','PSA','2.6','ng/mL','< 4.0 ng/mL','normal','2025-10-28','2025-10-29','a1000000-0000-0000-0000-000000000002'),
  ('b1000000-0000-0000-0000-000000000019','HbA1c','7.8','%','< 5.7% normal; < 7.0% target','abnormal','2025-10-28','2025-10-29','a1000000-0000-0000-0000-000000000002'),
-- 90020 Larry Hoffman (oldest patient, long-term TRT)
  ('b1000000-0000-0000-0000-000000000020','Total Testosterone','776','ng/dL','300–1000 ng/dL','normal','2025-11-13','2025-11-14','a1000000-0000-0000-0000-000000000001'),
  ('b1000000-0000-0000-0000-000000000020','Estradiol (E2)','35','pg/mL','10–40 pg/mL','normal','2025-11-13','2025-11-14','a1000000-0000-0000-0000-000000000001'),
  ('b1000000-0000-0000-0000-000000000020','PSA','3.6','ng/mL','< 4.0 ng/mL; monitor >3.0','normal','2025-11-13','2025-11-14','a1000000-0000-0000-0000-000000000001'),
  ('b1000000-0000-0000-0000-000000000020','HbA1c','8.2','%','< 5.7% normal; < 7.0% target','abnormal','2025-11-13','2025-11-14','a1000000-0000-0000-0000-000000000001'),
  ('b1000000-0000-0000-0000-000000000020','Hematocrit','47','%','38.3–48.6%','normal','2025-11-13','2025-11-14','a1000000-0000-0000-0000-000000000001');

-- -----------------------------------------------
-- TREATMENT SESSIONS
-- TCYP injections alternate L/R; pellet patients get insertions
-- -----------------------------------------------
INSERT INTO treatment_sessions (patient_id, provider_id, session_date, session_type, side, dosage_mg, pellet_count, testosterone_total, notes, signed_at, signed_by_id) VALUES
-- 90001 Robert Mitchell — TCYP injections
  ('b1000000-0000-0000-0000-000000000001','a1000000-0000-0000-0000-000000000001','2025-07-12','tcyp_injection','right',200,NULL,798,'Injection tolerated well','2025-07-12 10:30:00+00','a1000000-0000-0000-0000-000000000001'),
  ('b1000000-0000-0000-0000-000000000001','a1000000-0000-0000-0000-000000000001','2025-07-22','tcyp_injection','left', 200,NULL,812,'Injection tolerated well','2025-07-22 10:15:00+00','a1000000-0000-0000-0000-000000000001'),
  ('b1000000-0000-0000-0000-000000000001','a1000000-0000-0000-0000-000000000001','2025-08-01','tcyp_injection','right',200,NULL,NULL,'Injection tolerated well','2025-08-01 09:45:00+00','a1000000-0000-0000-0000-000000000001'),
  ('b1000000-0000-0000-0000-000000000001','a1000000-0000-0000-0000-000000000001','2025-08-11','tcyp_injection','left', 200,NULL,NULL,'Injection tolerated well','2025-08-11 10:00:00+00','a1000000-0000-0000-0000-000000000001'),
  ('b1000000-0000-0000-0000-000000000001','a1000000-0000-0000-0000-000000000001','2025-09-05','tcyp_injection','right',200,NULL,NULL,NULL,'2025-09-05 10:30:00+00','a1000000-0000-0000-0000-000000000001'),
  ('b1000000-0000-0000-0000-000000000001','a1000000-0000-0000-0000-000000000001','2025-09-15','tcyp_injection','left', 200,NULL,NULL,NULL,'2025-09-15 10:00:00+00','a1000000-0000-0000-0000-000000000001'),
  ('b1000000-0000-0000-0000-000000000001','a1000000-0000-0000-0000-000000000001','2025-10-15','follow_up',NULL,NULL,NULL,842,'Labs reviewed; dose maintained','2025-10-15 11:00:00+00','a1000000-0000-0000-0000-000000000001'),
-- 90002 James Crawford — TCYP weekly
  ('b1000000-0000-0000-0000-000000000002','a1000000-0000-0000-0000-000000000001','2025-08-05','tcyp_injection','right',160,NULL,741,NULL,'2025-08-05 09:00:00+00','a1000000-0000-0000-0000-000000000001'),
  ('b1000000-0000-0000-0000-000000000002','a1000000-0000-0000-0000-000000000001','2025-08-12','tcyp_injection','left', 160,NULL,NULL,NULL,'2025-08-12 09:00:00+00','a1000000-0000-0000-0000-000000000001'),
  ('b1000000-0000-0000-0000-000000000002','a1000000-0000-0000-0000-000000000001','2025-08-19','tcyp_injection','right',160,NULL,NULL,NULL,'2025-08-19 09:00:00+00','a1000000-0000-0000-0000-000000000001'),
  ('b1000000-0000-0000-0000-000000000002','a1000000-0000-0000-0000-000000000001','2025-08-26','tcyp_injection','left', 160,NULL,NULL,NULL,'2025-08-26 09:00:00+00','a1000000-0000-0000-0000-000000000001'),
  ('b1000000-0000-0000-0000-000000000002','a1000000-0000-0000-0000-000000000001','2025-09-09','tcyp_injection','right',160,NULL,NULL,NULL,'2025-09-09 09:00:00+00','a1000000-0000-0000-0000-000000000001'),
  ('b1000000-0000-0000-0000-000000000002','a1000000-0000-0000-0000-000000000001','2025-11-02','follow_up',NULL,NULL,NULL,764,'Labs reviewed; HbA1c still elevated — escalate Metformin','2025-11-02 10:00:00+00','a1000000-0000-0000-0000-000000000001'),
-- 90003 David Holbrook — TCYP bi-weekly
  ('b1000000-0000-0000-0000-000000000003','a1000000-0000-0000-0000-000000000002','2025-07-20','tcyp_injection','right',200,NULL,886,NULL,'2025-07-20 13:00:00+00','a1000000-0000-0000-0000-000000000002'),
  ('b1000000-0000-0000-0000-000000000003','a1000000-0000-0000-0000-000000000002','2025-08-03','tcyp_injection','left', 200,NULL,NULL,NULL,'2025-08-03 13:00:00+00','a1000000-0000-0000-0000-000000000002'),
  ('b1000000-0000-0000-0000-000000000003','a1000000-0000-0000-0000-000000000002','2025-08-17','tcyp_injection','right',200,NULL,NULL,NULL,'2025-08-17 13:00:00+00','a1000000-0000-0000-0000-000000000002'),
  ('b1000000-0000-0000-0000-000000000003','a1000000-0000-0000-0000-000000000002','2025-09-18','follow_up',NULL,NULL,NULL,918,'Labs optimal','2025-09-18 14:00:00+00','a1000000-0000-0000-0000-000000000002'),
  ('b1000000-0000-0000-0000-000000000003','a1000000-0000-0000-0000-000000000002','2025-10-01','shockwave',NULL,NULL,NULL,NULL,'Shockwave therapy — ED treatment; 6 session protocol','2025-10-01 14:30:00+00','a1000000-0000-0000-0000-000000000002'),
-- 90004 Michael Santos — dose adjustment needed (T high, E2 high)
  ('b1000000-0000-0000-0000-000000000004','a1000000-0000-0000-0000-000000000001','2025-08-10','tcyp_injection','right',200,NULL,NULL,NULL,'2025-08-10 08:30:00+00','a1000000-0000-0000-0000-000000000001'),
  ('b1000000-0000-0000-0000-000000000004','a1000000-0000-0000-0000-000000000001','2025-08-20','tcyp_injection','left', 200,NULL,NULL,NULL,'2025-08-20 08:30:00+00','a1000000-0000-0000-0000-000000000001'),
  ('b1000000-0000-0000-0000-000000000004','a1000000-0000-0000-0000-000000000001','2025-09-04','tcyp_injection','right',200,NULL,NULL,NULL,'2025-09-04 08:30:00+00','a1000000-0000-0000-0000-000000000001'),
  ('b1000000-0000-0000-0000-000000000004','a1000000-0000-0000-0000-000000000001','2025-10-28','follow_up',NULL,NULL,NULL,1024,'T supraphysiologic; E2 elevated — reduce TCYP to 160mg, increase Anastrozole','2025-10-28 09:00:00+00','a1000000-0000-0000-0000-000000000001'),
-- 90005 Thomas Erikson
  ('b1000000-0000-0000-0000-000000000005','a1000000-0000-0000-0000-000000000002','2025-08-02','tcyp_injection','right',100,NULL,776,NULL,'2025-08-02 11:00:00+00','a1000000-0000-0000-0000-000000000002'),
  ('b1000000-0000-0000-0000-000000000005','a1000000-0000-0000-0000-000000000002','2025-08-09','tcyp_injection','left', 100,NULL,NULL,NULL,'2025-08-09 11:00:00+00','a1000000-0000-0000-0000-000000000002'),
  ('b1000000-0000-0000-0000-000000000005','a1000000-0000-0000-0000-000000000002','2025-08-16','tcyp_injection','right',100,NULL,NULL,NULL,'2025-08-16 11:00:00+00','a1000000-0000-0000-0000-000000000002'),
  ('b1000000-0000-0000-0000-000000000005','a1000000-0000-0000-0000-000000000002','2025-08-23','tcyp_injection','left', 100,NULL,NULL,NULL,'2025-08-23 11:00:00+00','a1000000-0000-0000-0000-000000000002'),
  ('b1000000-0000-0000-0000-000000000005','a1000000-0000-0000-0000-000000000002','2025-11-10','follow_up',NULL,NULL,NULL,788,'Levels good; continue current protocol','2025-11-10 11:30:00+00','a1000000-0000-0000-0000-000000000002'),
-- 90006 William Burke — pellet insertions
  ('b1000000-0000-0000-0000-000000000006','a1000000-0000-0000-0000-000000000001','2025-01-15','pellet_insertion','bilateral',NULL,6,NULL,'900mg testosterone pellets inserted; gluteal subcutaneous','2025-01-15 10:00:00+00','a1000000-0000-0000-0000-000000000001'),
  ('b1000000-0000-0000-0000-000000000006','a1000000-0000-0000-0000-000000000001','2025-06-18','pellet_insertion','bilateral',NULL,6,NULL,'900mg testosterone pellets — 5 month interval','2025-06-18 10:00:00+00','a1000000-0000-0000-0000-000000000001'),
  ('b1000000-0000-0000-0000-000000000006','a1000000-0000-0000-0000-000000000001','2025-10-05','follow_up',NULL,NULL,NULL,934,'PSA 3.1 — within range; continue monitoring','2025-10-05 11:00:00+00','a1000000-0000-0000-0000-000000000001'),
-- 90007 Charles Nguyen
  ('b1000000-0000-0000-0000-000000000007','a1000000-0000-0000-0000-000000000002','2025-07-28','tcyp_injection','right',160,NULL,834,NULL,'2025-07-28 14:00:00+00','a1000000-0000-0000-0000-000000000002'),
  ('b1000000-0000-0000-0000-000000000007','a1000000-0000-0000-0000-000000000002','2025-08-07','tcyp_injection','left', 160,NULL,NULL,NULL,'2025-08-07 14:00:00+00','a1000000-0000-0000-0000-000000000002'),
  ('b1000000-0000-0000-0000-000000000007','a1000000-0000-0000-0000-000000000002','2025-08-17','tcyp_injection','right',160,NULL,NULL,NULL,'2025-08-17 14:00:00+00','a1000000-0000-0000-0000-000000000002'),
  ('b1000000-0000-0000-0000-000000000007','a1000000-0000-0000-0000-000000000002','2025-09-25','follow_up',NULL,NULL,NULL,856,'Patient responding well','2025-09-25 14:30:00+00','a1000000-0000-0000-0000-000000000002'),
  ('b1000000-0000-0000-0000-000000000007','a1000000-0000-0000-0000-000000000002','2025-10-05','eros',NULL,NULL,NULL,NULL,'Eros CTG therapy — ED; 6 session protocol initiated','2025-10-05 15:00:00+00','a1000000-0000-0000-0000-000000000002'),
-- 90008 Daniel Okafor
  ('b1000000-0000-0000-0000-000000000008','a1000000-0000-0000-0000-000000000001','2025-09-01','tcyp_injection','right',100,NULL,698,NULL,'2025-09-01 09:00:00+00','a1000000-0000-0000-0000-000000000001'),
  ('b1000000-0000-0000-0000-000000000008','a1000000-0000-0000-0000-000000000001','2025-09-08','tcyp_injection','left', 100,NULL,NULL,NULL,'2025-09-08 09:00:00+00','a1000000-0000-0000-0000-000000000001'),
  ('b1000000-0000-0000-0000-000000000008','a1000000-0000-0000-0000-000000000001','2025-09-15','tcyp_injection','right',100,NULL,NULL,NULL,'2025-09-15 09:00:00+00','a1000000-0000-0000-0000-000000000001'),
  ('b1000000-0000-0000-0000-000000000008','a1000000-0000-0000-0000-000000000001','2025-10-06','tcyp_injection','left', 100,NULL,NULL,NULL,'2025-10-06 09:00:00+00','a1000000-0000-0000-0000-000000000001'),
  ('b1000000-0000-0000-0000-000000000008','a1000000-0000-0000-0000-000000000001','2025-11-20','follow_up',NULL,NULL,NULL,712,'T stabilizing nicely','2025-11-20 10:00:00+00','a1000000-0000-0000-0000-000000000001'),
-- 90009 Steven Patel
  ('b1000000-0000-0000-0000-000000000009','a1000000-0000-0000-0000-000000000002','2025-08-15','tcyp_injection','right',200,NULL,802,NULL,'2025-08-15 12:00:00+00','a1000000-0000-0000-0000-000000000002'),
  ('b1000000-0000-0000-0000-000000000009','a1000000-0000-0000-0000-000000000002','2025-08-25','tcyp_injection','left', 200,NULL,NULL,NULL,'2025-08-25 12:00:00+00','a1000000-0000-0000-0000-000000000002'),
  ('b1000000-0000-0000-0000-000000000009','a1000000-0000-0000-0000-000000000002','2025-09-04','tcyp_injection','right',200,NULL,NULL,NULL,'2025-09-04 12:00:00+00','a1000000-0000-0000-0000-000000000002'),
  ('b1000000-0000-0000-0000-000000000009','a1000000-0000-0000-0000-000000000002','2025-10-12','follow_up',NULL,NULL,NULL,796,'HbA1c slightly improved; TRT contributing to insulin sensitivity','2025-10-12 12:30:00+00','a1000000-0000-0000-0000-000000000002'),
-- 90010 Kevin Johansson
  ('b1000000-0000-0000-0000-000000000010','a1000000-0000-0000-0000-000000000001','2025-08-08','tcyp_injection','right',200,NULL,862,NULL,'2025-08-08 08:00:00+00','a1000000-0000-0000-0000-000000000001'),
  ('b1000000-0000-0000-0000-000000000010','a1000000-0000-0000-0000-000000000001','2025-08-18','tcyp_injection','left', 200,NULL,NULL,NULL,'2025-08-18 08:00:00+00','a1000000-0000-0000-0000-000000000001'),
  ('b1000000-0000-0000-0000-000000000010','a1000000-0000-0000-0000-000000000001','2025-09-02','tcyp_injection','right',200,NULL,NULL,NULL,'2025-09-02 08:00:00+00','a1000000-0000-0000-0000-000000000001'),
  ('b1000000-0000-0000-0000-000000000010','a1000000-0000-0000-0000-000000000001','2025-09-12','tcyp_injection','left', 200,NULL,NULL,NULL,'2025-09-12 08:00:00+00','a1000000-0000-0000-0000-000000000001'),
  ('b1000000-0000-0000-0000-000000000010','a1000000-0000-0000-0000-000000000001','2025-11-08','follow_up',NULL,NULL,NULL,878,'E2 slightly elevated 41 pg/mL — consider Anastrozole increase','2025-11-08 09:00:00+00','a1000000-0000-0000-0000-000000000001'),
-- 90011 Mark Delgado
  ('b1000000-0000-0000-0000-000000000011','a1000000-0000-0000-0000-000000000002','2025-07-22','tcyp_injection','right',160,NULL,798,NULL,'2025-07-22 13:30:00+00','a1000000-0000-0000-0000-000000000002'),
  ('b1000000-0000-0000-0000-000000000011','a1000000-0000-0000-0000-000000000002','2025-07-29','tcyp_injection','left', 160,NULL,NULL,NULL,'2025-07-29 13:30:00+00','a1000000-0000-0000-0000-000000000002'),
  ('b1000000-0000-0000-0000-000000000011','a1000000-0000-0000-0000-000000000002','2025-08-05','tcyp_injection','right',160,NULL,NULL,NULL,'2025-08-05 13:30:00+00','a1000000-0000-0000-0000-000000000002'),
  ('b1000000-0000-0000-0000-000000000011','a1000000-0000-0000-0000-000000000002','2025-09-30','follow_up',NULL,NULL,NULL,824,'Patient stable','2025-09-30 14:00:00+00','a1000000-0000-0000-0000-000000000002'),
-- 90012 Brian Kowalski — high E2, hematocrit issue
  ('b1000000-0000-0000-0000-000000000012','a1000000-0000-0000-0000-000000000001','2025-07-18','tcyp_injection','right',200,NULL,912,NULL,'2025-07-18 07:30:00+00','a1000000-0000-0000-0000-000000000001'),
  ('b1000000-0000-0000-0000-000000000012','a1000000-0000-0000-0000-000000000001','2025-07-28','tcyp_injection','left', 200,NULL,NULL,NULL,'2025-07-28 07:30:00+00','a1000000-0000-0000-0000-000000000001'),
  ('b1000000-0000-0000-0000-000000000012','a1000000-0000-0000-0000-000000000001','2025-08-07','tcyp_injection','right',200,NULL,NULL,NULL,'2025-08-07 07:30:00+00','a1000000-0000-0000-0000-000000000001'),
  ('b1000000-0000-0000-0000-000000000012','a1000000-0000-0000-0000-000000000001','2025-10-22','follow_up',NULL,NULL,NULL,946,'Hematocrit 52% — therapeutic phlebotomy discussed; Anastrozole dose increase for E2','2025-10-22 08:30:00+00','a1000000-0000-0000-0000-000000000001'),
-- 90013 Richard Yamamoto
  ('b1000000-0000-0000-0000-000000000013','a1000000-0000-0000-0000-000000000002','2025-08-20','tcyp_injection','right',100,NULL,726,NULL,'2025-08-20 10:00:00+00','a1000000-0000-0000-0000-000000000002'),
  ('b1000000-0000-0000-0000-000000000013','a1000000-0000-0000-0000-000000000002','2025-08-27','tcyp_injection','left', 100,NULL,NULL,NULL,'2025-08-27 10:00:00+00','a1000000-0000-0000-0000-000000000002'),
  ('b1000000-0000-0000-0000-000000000013','a1000000-0000-0000-0000-000000000002','2025-09-03','tcyp_injection','right',100,NULL,NULL,NULL,'2025-09-03 10:00:00+00','a1000000-0000-0000-0000-000000000002'),
  ('b1000000-0000-0000-0000-000000000013','a1000000-0000-0000-0000-000000000002','2025-09-10','tcyp_injection','left', 100,NULL,NULL,NULL,'2025-09-10 10:00:00+00','a1000000-0000-0000-0000-000000000002'),
  ('b1000000-0000-0000-0000-000000000013','a1000000-0000-0000-0000-000000000002','2025-11-14','follow_up',NULL,NULL,NULL,748,'Good response; dose maintained','2025-11-14 10:30:00+00','a1000000-0000-0000-0000-000000000002'),
-- 90014 Paul Andersen — pellet patient, PSA monitoring
  ('b1000000-0000-0000-0000-000000000014','a1000000-0000-0000-0000-000000000001','2025-02-05','pellet_insertion','bilateral',NULL,7,NULL,'1050mg testosterone pellets inserted','2025-02-05 09:00:00+00','a1000000-0000-0000-0000-000000000001'),
  ('b1000000-0000-0000-0000-000000000014','a1000000-0000-0000-0000-000000000001','2025-07-08','pellet_insertion','bilateral',NULL,7,NULL,'1050mg testosterone pellets — 5 month interval','2025-07-08 09:00:00+00','a1000000-0000-0000-0000-000000000001'),
  ('b1000000-0000-0000-0000-000000000014','a1000000-0000-0000-0000-000000000001','2025-10-01','follow_up',NULL,NULL,NULL,882,'PSA 3.4 — close monitoring required; urology referral discussed','2025-10-01 10:00:00+00','a1000000-0000-0000-0000-000000000001'),
-- 90015 George Vasquez
  ('b1000000-0000-0000-0000-000000000015','a1000000-0000-0000-0000-000000000002','2025-08-10','tcyp_injection','right',100,NULL,662,NULL,'2025-08-10 15:00:00+00','a1000000-0000-0000-0000-000000000002'),
  ('b1000000-0000-0000-0000-000000000015','a1000000-0000-0000-0000-000000000002','2025-08-17','tcyp_injection','left', 100,NULL,NULL,NULL,'2025-08-17 15:00:00+00','a1000000-0000-0000-0000-000000000002'),
  ('b1000000-0000-0000-0000-000000000015','a1000000-0000-0000-0000-000000000002','2025-08-24','tcyp_injection','right',100,NULL,NULL,NULL,'2025-08-24 15:00:00+00','a1000000-0000-0000-0000-000000000002'),
  ('b1000000-0000-0000-0000-000000000015','a1000000-0000-0000-0000-000000000002','2025-09-10','follow_up',NULL,NULL,NULL,688,'Responding well; patient very satisfied','2025-09-10 15:30:00+00','a1000000-0000-0000-0000-000000000002'),
  ('b1000000-0000-0000-0000-000000000015','a1000000-0000-0000-0000-000000000002','2025-09-15','shockwave',NULL,NULL,NULL,NULL,'Shockwave therapy for ED — 1 of 6 sessions','2025-09-15 16:00:00+00','a1000000-0000-0000-0000-000000000002'),
-- 90016 Anthony Reyes
  ('b1000000-0000-0000-0000-000000000016','a1000000-0000-0000-0000-000000000001','2025-08-22','tcyp_injection','right',200,NULL,788,NULL,'2025-08-22 10:00:00+00','a1000000-0000-0000-0000-000000000001'),
  ('b1000000-0000-0000-0000-000000000016','a1000000-0000-0000-0000-000000000001','2025-09-01','tcyp_injection','left', 200,NULL,NULL,NULL,'2025-09-01 10:00:00+00','a1000000-0000-0000-0000-000000000001'),
  ('b1000000-0000-0000-0000-000000000016','a1000000-0000-0000-0000-000000000001','2025-09-11','tcyp_injection','right',200,NULL,NULL,NULL,'2025-09-11 10:00:00+00','a1000000-0000-0000-0000-000000000001'),
  ('b1000000-0000-0000-0000-000000000016','a1000000-0000-0000-0000-000000000001','2025-10-01','tcyp_injection','left', 200,NULL,NULL,NULL,'2025-10-01 10:00:00+00','a1000000-0000-0000-0000-000000000001'),
  ('b1000000-0000-0000-0000-000000000016','a1000000-0000-0000-0000-000000000001','2025-11-05','follow_up',NULL,NULL,NULL,812,'Stable; LDL 108 — statin dose may need increase','2025-11-05 11:00:00+00','a1000000-0000-0000-0000-000000000001'),
-- 90017 Donald Kim — pellet patient, PSA monitoring
  ('b1000000-0000-0000-0000-000000000017','a1000000-0000-0000-0000-000000000002','2025-01-20','pellet_insertion','bilateral',NULL,6,NULL,'900mg testosterone pellets inserted','2025-01-20 11:00:00+00','a1000000-0000-0000-0000-000000000002'),
  ('b1000000-0000-0000-0000-000000000017','a1000000-0000-0000-0000-000000000002','2025-06-25','pellet_insertion','bilateral',NULL,6,NULL,'900mg testosterone pellets — 5 month interval','2025-06-25 11:00:00+00','a1000000-0000-0000-0000-000000000002'),
  ('b1000000-0000-0000-0000-000000000017','a1000000-0000-0000-0000-000000000002','2025-10-18','follow_up',NULL,NULL,NULL,904,'PSA 3.2 — monitoring; will recheck in 3 months','2025-10-18 11:30:00+00','a1000000-0000-0000-0000-000000000002'),
-- 90018 Kenneth Fletcher — young patient, fertility preservation
  ('b1000000-0000-0000-0000-000000000018','a1000000-0000-0000-0000-000000000001','2025-09-05','tcyp_injection','right',100,NULL,684,NULL,'2025-09-05 08:30:00+00','a1000000-0000-0000-0000-000000000001'),
  ('b1000000-0000-0000-0000-000000000018','a1000000-0000-0000-0000-000000000001','2025-09-12','tcyp_injection','left', 100,NULL,NULL,NULL,'2025-09-12 08:30:00+00','a1000000-0000-0000-0000-000000000001'),
  ('b1000000-0000-0000-0000-000000000018','a1000000-0000-0000-0000-000000000001','2025-09-19','tcyp_injection','right',100,NULL,NULL,NULL,'2025-09-19 08:30:00+00','a1000000-0000-0000-0000-000000000001'),
  ('b1000000-0000-0000-0000-000000000018','a1000000-0000-0000-0000-000000000001','2025-10-10','tcyp_injection','left', 100,NULL,NULL,NULL,'2025-10-10 08:30:00+00','a1000000-0000-0000-0000-000000000001'),
  ('b1000000-0000-0000-0000-000000000018','a1000000-0000-0000-0000-000000000001','2025-11-25','follow_up',NULL,NULL,NULL,724,'Good early response; HCG continuing for fertility','2025-11-25 09:00:00+00','a1000000-0000-0000-0000-000000000001'),
-- 90019 Ronald Shepherd
  ('b1000000-0000-0000-0000-000000000019','a1000000-0000-0000-0000-000000000002','2025-08-12','tcyp_injection','right',200,NULL,814,NULL,'2025-08-12 14:00:00+00','a1000000-0000-0000-0000-000000000002'),
  ('b1000000-0000-0000-0000-000000000019','a1000000-0000-0000-0000-000000000002','2025-08-22','tcyp_injection','left', 200,NULL,NULL,NULL,'2025-08-22 14:00:00+00','a1000000-0000-0000-0000-000000000002'),
  ('b1000000-0000-0000-0000-000000000019','a1000000-0000-0000-0000-000000000002','2025-09-01','tcyp_injection','right',200,NULL,NULL,NULL,'2025-09-01 14:00:00+00','a1000000-0000-0000-0000-000000000002'),
  ('b1000000-0000-0000-0000-000000000019','a1000000-0000-0000-0000-000000000002','2025-09-11','tcyp_injection','left', 200,NULL,NULL,NULL,'2025-09-11 14:00:00+00','a1000000-0000-0000-0000-000000000002'),
  ('b1000000-0000-0000-0000-000000000019','a1000000-0000-0000-0000-000000000002','2025-10-30','follow_up',NULL,NULL,NULL,832,'HbA1c 7.8 — escalate Metformin to 1500mg','2025-10-30 14:30:00+00','a1000000-0000-0000-0000-000000000002'),
-- 90020 Larry Hoffman — oldest, long-term TRT, elevated PSA monitored
  ('b1000000-0000-0000-0000-000000000020','a1000000-0000-0000-0000-000000000001','2025-07-25','tcyp_injection','right',160,NULL,748,NULL,'2025-07-25 09:00:00+00','a1000000-0000-0000-0000-000000000001'),
  ('b1000000-0000-0000-0000-000000000020','a1000000-0000-0000-0000-000000000001','2025-08-04','tcyp_injection','left', 160,NULL,NULL,NULL,'2025-08-04 09:00:00+00','a1000000-0000-0000-0000-000000000001'),
  ('b1000000-0000-0000-0000-000000000020','a1000000-0000-0000-0000-000000000001','2025-08-14','tcyp_injection','right',160,NULL,NULL,NULL,'2025-08-14 09:00:00+00','a1000000-0000-0000-0000-000000000001'),
  ('b1000000-0000-0000-0000-000000000020','a1000000-0000-0000-0000-000000000001','2025-08-24','tcyp_injection','left', 160,NULL,NULL,NULL,'2025-08-24 09:00:00+00','a1000000-0000-0000-0000-000000000001'),
  ('b1000000-0000-0000-0000-000000000020','a1000000-0000-0000-0000-000000000001','2025-09-18','tcyp_injection','right',160,NULL,NULL,NULL,'2025-09-18 09:00:00+00','a1000000-0000-0000-0000-000000000001'),
  ('b1000000-0000-0000-0000-000000000020','a1000000-0000-0000-0000-000000000001','2025-11-15','follow_up',NULL,NULL,NULL,776,'PSA 3.6 — urology consult scheduled; continue TRT with monitoring','2025-11-15 09:30:00+00','a1000000-0000-0000-0000-000000000001');
